Banning fault YULE,data/external/SAFS-SAFZ-MULT-Banning_fault-YULE.ts
San Andreas fault FUIS,data/external/SAFS-SAFZ-MULT-San_Andreas_fault-FUIS-CFM3.ts
Garnet Hill fault YULE,data/external/SAFS-SAFZ-SBMT-Garnet_Hill_fault-YULE.ts
San Gorgonio Pass fault YULE,data/external/SAFS-SGRP-SGPS-San_Gorgonio_Pass_fault-YULE.ts
CVMH CM,data/external/CMxVM_Model3D_CM_BASE_Folded.ts
CVMH CalMex,data/external/CMxVM_Model3D_CalMex_BATO.ts
CVMH basement,data/external/CVMH_Basement64.ts
CVMH CalMex B,data/external/CVMH_CalMex_BATO.ts
CVMH Moho,data/external/CVMH_Moho.ts
CVMH Moho2,data/external/CVMH_Moho64.ts
